[
{
    "model": "notes.comments",
    "pk": 1,
    "fields": {
        "owner": 2,
        "content": "\u041a\u043e\u043c\u043c\u0435\u043d\u0442\u0430\u0440\u0438\u0439 1 \u043a \u0437\u0430\u043c\u0435\u0442\u043a\u0435 1",
        "created": "2019-11-13T12:27:46.330Z"
    }
},
{
    "model": "notes.comments",
    "pk": 2,
    "fields": {
        "owner": 3,
        "content": "\u041a\u043e\u043c\u043c\u0435\u043d\u0442\u0430\u0440\u0438\u0439 1 \u043a \u0437\u0430\u043c\u0435\u0442\u043a\u0435 2",
        "created": "2019-11-13T12:27:46.330Z"
    }
},
{
    "model": "notes.comments",
    "pk": 3,
    "fields": {
        "owner": 3,
        "content": "\u041a\u043e\u043c\u043c\u0435\u043d\u0442\u0430\u0440\u0438\u0439 2 \u043a \u0437\u0430\u043c\u0435\u0442\u043a\u0435 2",
        "created": "2019-11-13T12:27:46.330Z"
    }
},
{
    "model": "notes.comments",
    "pk": 4,
    "fields": {
        "owner": 1,
        "content": "\u041a\u043e\u043c\u043c\u0435\u043d\u0442\u0430\u0440\u0438\u0439 \u043a \u0437\u0430\u043c\u0435\u0442\u043a\u0435 3",
        "created": "2019-11-13T12:27:46.330Z"
    }
},
{
    "model": "notes.comments",
    "pk": 5,
    "fields": {
        "owner": 3,
        "content": "\u041a\u043e\u043c\u043c\u0435\u043d\u0442\u0430\u0440\u0438\u0439 \u043a \u0437\u0430\u043c\u0435\u0442\u043a\u0435 4",
        "created": "2019-11-13T12:27:46.330Z"
    }
},
{
    "model": "notes.notes",
    "pk": 1,
    "fields": {
        "name": "\u0437\u0430\u043c\u0435\u0442\u043a\u0430 1",
        "owner": 2,
        "content": "\u0422\u0435\u043a\u0441\u0442 \u0437\u0430\u043c\u0435\u0442\u043a\u0438 1",
        "access_user": [
            3
        ],
        "comments": [
            1
        ]
    }
},
{
    "model": "notes.notes",
    "pk": 2,
    "fields": {
        "name": "\u0437\u0430\u043c\u0435\u0442\u043a\u0430 2",
        "owner": 4,
        "content": "\u0422\u0435\u043a\u0441\u0442 \u0437\u0430\u043c\u0435\u0442\u043a\u0438 2",
        "access_user": [
            3
        ],
        "comments": [
            2,
            3
        ]
    }
},
{
    "model": "notes.notes",
    "pk": 3,
    "fields": {
        "name": "\u0437\u0430\u043c\u0435\u0442\u043a\u0430 3",
        "owner": 3,
        "content": "\u0422\u0435\u043a\u0441\u0442 \u0437\u0430\u043c\u0435\u0442\u043a\u0438 3",
        "access_user": [
            3
        ],
        "comments": [
            4
        ]
    }
},
{
    "model": "notes.notes",
    "pk": 4,
    "fields": {
        "name": "\u0437\u0430\u043c\u0435\u0442\u043a\u0430 4",
        "owner": 4,
        "content": "\u0422\u0435\u043a\u0441\u0442 \u0437\u0430\u043c\u0435\u0442\u043a\u0438 4",
        "access_user": [
            2,
            3
        ],
        "comments": [
            5
        ]
    }
}
]
